CustomerAccountId,ParentAccountId,CustomerAccountName,CustomerId,IsoCurrencyCode
CA-0001,PA-1,Fabric,CID-001,USD
CA-0002,PA-2,ADB,CID-001,USD
CA-0003,PA-1,Fabric,CID-002,USD
CA-0004,PA-2,ADB,CID-002,USD
CA-0005,PA-1,Fabric,CID-003,USD
CA-0006,PA-2,ADB,CID-003,USD
CA-0007,PA-1,Fabric,CID-004,USD
CA-0008,PA-2,ADB,CID-004,USD
CA-0009,PA-1,Fabric,CID-005,USD
CA-0010,PA-2,ADB,CID-005,USD
CA-0011,PA-1,Fabric,CID-006,USD
CA-0012,PA-2,ADB,CID-006,USD
CA-0013,PA-1,Fabric,CID-007,USD
CA-0014,PA-1,Fabric,CID-008,USD
CA-0015,PA-2,ADB,CID-008,USD
CA-0016,PA-1,Fabric,CID-009,USD
CA-0017,PA-2,ADB,CID-009,USD
CA-0018,PA-1,Fabric,CID-010,USD
CA-0019,PA-2,ADB,CID-010,USD
CA-0020,PA-1,Fabric,CID-011,USD
CA-0021,PA-2,ADB,CID-011,USD
CA-0022,PA-1,Fabric,CID-012,USD
CA-0023,PA-2,ADB,CID-012,USD
CA-0024,PA-1,Fabric,CID-013,USD
CA-0025,PA-2,ADB,CID-013,USD
CA-0026,PA-1,Fabric,CID-014,USD
CA-0027,PA-2,ADB,CID-014,USD
CA-0028,PA-1,Fabric,CID-015,USD
CA-0029,PA-2,ADB,CID-015,USD
CA-0030,PA-1,Fabric,CID-016,USD
CA-0031,PA-2,ADB,CID-016,USD
CA-0032,PA-1,Fabric,CID-017,USD
CA-0033,PA-2,ADB,CID-017,USD
CA-0034,PA-1,Fabric,CID-018,USD
CA-0035,PA-1,Fabric,CID-019,USD
CA-0036,PA-1,Fabric,CID-020,USD
CA-0037,PA-2,ADB,CID-020,USD
CA-0038,PA-1,Fabric,CID-021,USD
CA-0039,PA-2,ADB,CID-021,USD
CA-0040,PA-1,Fabric,CID-022,USD
CA-0041,PA-1,Fabric,CID-023,USD
CA-0042,PA-2,ADB,CID-023,USD
CA-0043,PA-1,Fabric,CID-024,USD
CA-0044,PA-2,ADB,CID-024,USD
CA-0045,PA-1,Fabric,CID-025,USD
CA-0046,PA-2,ADB,CID-026,USD
CA-0047,PA-1,Fabric,CID-027,USD
CA-0048,PA-2,ADB,CID-027,USD
CA-0049,PA-1,Fabric,CID-028,USD
CA-0050,PA-1,Fabric,CID-029,USD
CA-0051,PA-2,ADB,CID-029,USD
CA-0052,PA-1,Fabric,CID-030,USD
CA-0053,PA-1,Fabric,CID-031,USD
CA-0054,PA-1,Fabric,CID-032,USD
CA-0055,PA-2,ADB,CID-032,USD
CA-0056,PA-1,Fabric,CID-033,USD
CA-0057,PA-2,ADB,CID-033,USD
CA-0058,PA-1,Fabric,CID-034,USD
CA-0059,PA-2,ADB,CID-034,USD
CA-0060,PA-1,Fabric,CID-035,USD
CA-0061,PA-2,ADB,CID-035,USD
CA-0062,PA-1,Fabric,CID-036,USD
CA-0063,PA-2,ADB,CID-036,USD
CA-0064,PA-1,Fabric,CID-037,USD
CA-0065,PA-2,ADB,CID-037,USD
CA-0066,PA-1,Fabric,CID-038,USD
CA-0067,PA-2,ADB,CID-038,USD
CA-0068,PA-1,Fabric,CID-039,USD
CA-0069,PA-2,ADB,CID-039,USD
CA-0070,PA-1,Fabric,CID-040,USD
CA-0071,PA-2,ADB,CID-040,USD
CA-0072,PA-1,Fabric,CID-041,USD
CA-0073,PA-2,ADB,CID-041,USD
CA-0074,PA-1,Fabric,CID-042,USD
CA-0075,PA-2,ADB,CID-042,USD
CA-0076,PA-1,Fabric,CID-043,USD
CA-0077,PA-2,ADB,CID-043,USD
CA-0078,PA-1,Fabric,CID-044,USD
CA-0079,PA-2,ADB,CID-044,USD
CA-0080,PA-1,Fabric,CID-045,USD
CA-0081,PA-1,Fabric,CID-046,USD
CA-0082,PA-2,ADB,CID-046,USD
CA-0083,PA-1,Fabric,CID-047,USD
CA-0084,PA-2,ADB,CID-047,USD
CA-0085,PA-1,Fabric,CID-048,USD
CA-0086,PA-2,ADB,CID-048,USD
CA-0087,PA-1,Fabric,CID-049,USD
CA-0088,PA-2,ADB,CID-049,USD
CA-0089,PA-1,Fabric,CID-050,USD
CA-0090,PA-2,ADB,CID-050,USD
CA-0091,PA-1,Fabric,CID-051,USD
CA-0092,PA-1,Fabric,CID-052,USD
CA-0093,PA-2,ADB,CID-052,USD
CA-0094,PA-1,Fabric,CID-053,USD
CA-0095,PA-2,ADB,CID-053,USD
CA-0096,PA-2,ADB,CID-054,USD
CA-0097,PA-1,Fabric,CID-055,USD
CA-0098,PA-2,ADB,CID-055,USD
CA-0099,PA-1,Fabric,CID-056,USD
CA-0100,PA-2,ADB,CID-056,USD
CA-0101,PA-1,Fabric,CID-057,USD
CA-0102,PA-2,ADB,CID-057,USD
CA-0103,PA-1,Fabric,CID-058,USD
CA-0104,PA-2,ADB,CID-058,USD
CA-0105,PA-1,Fabric,CID-059,USD
CA-0106,PA-2,ADB,CID-059,USD
CA-0107,PA-2,ADB,CID-060,USD
CA-0108,PA-1,Fabric,CID-061,USD
CA-0109,PA-2,ADB,CID-061,USD
CA-0110,PA-1,Fabric,CID-062,USD
CA-0111,PA-2,ADB,CID-062,USD
CA-0112,PA-1,Fabric,CID-063,USD
CA-0113,PA-2,ADB,CID-063,USD
CA-0114,PA-1,Fabric,CID-064,USD
CA-0115,PA-1,Fabric,CID-065,USD
CA-0116,PA-2,ADB,CID-065,USD
CA-0117,PA-1,Fabric,CID-066,USD
CA-0118,PA-2,ADB,CID-066,USD
CA-0119,PA-1,Fabric,CID-067,USD
CA-0120,PA-2,ADB,CID-067,USD
CA-0121,PA-1,Fabric,CID-068,USD
CA-0122,PA-2,ADB,CID-068,USD
CA-0123,PA-1,Fabric,CID-069,USD
CA-0124,PA-2,ADB,CID-069,USD
CA-0125,PA-1,Fabric,CID-070,USD
CA-0126,PA-1,Fabric,CID-071,USD
CA-0127,PA-2,ADB,CID-071,USD
CA-0128,PA-1,Fabric,CID-072,USD
CA-0129,PA-1,Fabric,CID-073,USD
CA-0130,PA-2,ADB,CID-073,USD
CA-0131,PA-1,Fabric,CID-074,USD
CA-0132,PA-2,ADB,CID-074,USD
CA-0133,PA-1,Fabric,CID-075,USD
CA-0134,PA-2,ADB,CID-075,USD
CA-0135,PA-1,Fabric,CID-076,USD
CA-0136,PA-2,ADB,CID-076,USD
CA-0137,PA-1,Fabric,CID-077,USD
CA-0138,PA-2,ADB,CID-077,USD
CA-0139,PA-1,Fabric,CID-078,USD
CA-0140,PA-2,ADB,CID-078,USD
CA-0141,PA-1,Fabric,CID-079,USD
CA-0142,PA-2,ADB,CID-079,USD
CA-0143,PA-1,Fabric,CID-080,USD
CA-0144,PA-2,ADB,CID-080,USD
CA-0145,PA-1,Fabric,CID-081,USD
CA-0146,PA-2,ADB,CID-082,USD
CA-0147,PA-1,Fabric,CID-083,USD
CA-0148,PA-2,ADB,CID-083,USD
CA-0149,PA-1,Fabric,CID-084,USD
CA-0150,PA-2,ADB,CID-084,USD
CA-0151,PA-1,Fabric,CID-085,USD
CA-0152,PA-2,ADB,CID-085,USD
CA-0153,PA-1,Fabric,CID-086,USD
CA-0154,PA-2,ADB,CID-086,USD
CA-0155,PA-1,Fabric,CID-087,USD
CA-0156,PA-2,ADB,CID-087,USD
CA-0157,PA-1,Fabric,CID-088,USD
CA-0158,PA-2,ADB,CID-088,USD
CA-0159,PA-1,Fabric,CID-089,USD
CA-0160,PA-2,ADB,CID-089,USD
CA-0161,PA-1,Fabric,CID-090,USD
CA-0162,PA-2,ADB,CID-090,USD
CA-0163,PA-1,Fabric,CID-091,USD
CA-0164,PA-2,ADB,CID-091,USD
CA-0165,PA-2,ADB,CID-092,USD
CA-0166,PA-1,Fabric,CID-093,USD
CA-0167,PA-2,ADB,CID-093,USD
CA-0168,PA-1,Fabric,CID-094,USD
CA-0169,PA-2,ADB,CID-094,USD
CA-0170,PA-1,Fabric,CID-095,USD
CA-0171,PA-2,ADB,CID-095,USD
CA-0172,PA-2,ADB,CID-096,USD
CA-0173,PA-1,Fabric,CID-097,USD
CA-0174,PA-2,ADB,CID-097,USD
CA-0175,PA-1,Fabric,CID-098,USD
CA-0176,PA-2,ADB,CID-098,USD
CA-0177,PA-1,Fabric,CID-099,USD
CA-0178,PA-2,ADB,CID-099,USD
CA-0179,PA-1,Fabric,CID-100,USD
CA-0180,PA-2,ADB,CID-100,USD
CA-0181,PA-1,Fabric,CID-101,USD
CA-0182,PA-2,ADB,CID-101,USD
CA-0183,PA-1,Fabric,CID-102,USD
CA-0184,PA-2,ADB,CID-102,USD
CA-0185,PA-1,Fabric,CID-103,USD
CA-0186,PA-2,ADB,CID-103,USD
CA-0187,PA-1,Fabric,CID-104,USD
CA-0188,PA-2,ADB,CID-104,USD
CA-0189,PA-1,Fabric,CID-105,USD
CA-0190,PA-2,ADB,CID-105,USD
CA-0191,PA-1,Fabric,CID-106,USD
CA-0192,PA-2,ADB,CID-106,USD
CA-0193,PA-1,Fabric,CID-107,USD
CA-0194,PA-2,ADB,CID-107,USD
CA-0195,PA-2,ADB,CID-108,USD
CA-0196,PA-1,Fabric,CID-109,USD
CA-0197,PA-1,Fabric,CID-110,USD
CA-0198,PA-2,ADB,CID-110,USD
CA-0199,PA-2,ADB,CID-111,USD
CA-0200,PA-1,Fabric,CID-112,USD
CA-0201,PA-2,ADB,CID-112,USD
CA-0202,PA-1,Fabric,CID-113,USD
CA-0203,PA-2,ADB,CID-113,USD
CA-0204,PA-1,Fabric,CID-114,USD
CA-0205,PA-2,ADB,CID-114,USD
CA-0206,PA-1,Fabric,CID-115,USD
CA-0207,PA-2,ADB,CID-115,USD
CA-0208,PA-1,Fabric,CID-116,USD
CA-0209,PA-2,ADB,CID-116,USD
CA-0210,PA-1,Fabric,CID-117,USD
CA-0211,PA-2,ADB,CID-117,USD
CA-0212,PA-1,Fabric,CID-118,USD
CA-0213,PA-2,ADB,CID-118,USD
CA-0214,PA-1,Fabric,CID-119,USD
CA-0215,PA-2,ADB,CID-119,USD
CA-0216,PA-1,Fabric,CID-120,USD
CA-0217,PA-2,ADB,CID-120,USD
CA-0218,PA-1,Fabric,CID-121,USD
CA-0219,PA-1,Fabric,CID-122,USD
CA-0220,PA-2,ADB,CID-122,USD
CA-0221,PA-1,Fabric,CID-123,USD
CA-0222,PA-2,ADB,CID-123,USD
CA-0223,PA-1,Fabric,CID-124,USD
CA-0224,PA-2,ADB,CID-124,USD
CA-0225,PA-1,Fabric,CID-125,USD
CA-0226,PA-2,ADB,CID-125,USD
CA-0227,PA-1,Fabric,CID-126,USD
CA-0228,PA-2,ADB,CID-126,USD
CA-0229,PA-1,Fabric,CID-127,USD
CA-0230,PA-1,Fabric,CID-128,USD
CA-0231,PA-2,ADB,CID-128,USD
CA-0232,PA-1,Fabric,CID-129,USD
CA-0233,PA-2,ADB,CID-129,USD
CA-0234,PA-1,Fabric,CID-130,USD
CA-0235,PA-2,ADB,CID-130,USD
CA-0236,PA-1,Fabric,CID-131,USD
CA-0237,PA-2,ADB,CID-131,USD
CA-0238,PA-1,Fabric,CID-132,USD
CA-0239,PA-2,ADB,CID-132,USD
CA-0240,PA-1,Fabric,CID-133,USD
CA-0241,PA-2,ADB,CID-133,USD
CA-0242,PA-1,Fabric,CID-134,USD
CA-0243,PA-2,ADB,CID-134,USD
CA-0244,PA-1,Fabric,CID-135,USD
CA-0245,PA-2,ADB,CID-135,USD
CA-0246,PA-1,Fabric,CID-136,USD
CA-0247,PA-2,ADB,CID-136,USD
CA-0248,PA-1,Fabric,CID-137,USD
CA-0249,PA-2,ADB,CID-137,USD
CA-0250,PA-1,Fabric,CID-138,USD
CA-0251,PA-2,ADB,CID-138,USD
CA-0252,PA-2,ADB,CID-139,USD
CA-0253,PA-1,Fabric,CID-140,USD
CA-0254,PA-2,ADB,CID-140,USD
CA-0255,PA-1,Fabric,CID-141,USD
CA-0256,PA-2,ADB,CID-141,USD
CA-0257,PA-1,Fabric,CID-142,USD
CA-0258,PA-2,ADB,CID-142,USD
CA-0259,PA-1,Fabric,CID-143,USD
CA-0260,PA-2,ADB,CID-143,USD
CA-0261,PA-1,Fabric,CID-144,USD
CA-0262,PA-2,ADB,CID-144,USD
CA-0263,PA-1,Fabric,CID-145,USD
CA-0264,PA-1,Fabric,CID-146,USD
CA-0265,PA-2,ADB,CID-146,USD
CA-0266,PA-1,Fabric,CID-147,USD
CA-0267,PA-2,ADB,CID-147,USD
CA-0268,PA-1,Fabric,CID-148,USD
CA-0269,PA-1,Fabric,CID-149,USD
CA-0270,PA-2,ADB,CID-149,USD
CA-0271,PA-1,Fabric,CID-150,USD
CA-0272,PA-2,ADB,CID-150,USD
CA-0273,PA-1,Fabric,CID-151,USD
CA-0274,PA-2,ADB,CID-151,USD
CA-0275,PA-1,Fabric,CID-152,USD
CA-0276,PA-2,ADB,CID-152,USD
CA-0277,PA-1,Fabric,CID-153,USD
CA-0278,PA-2,ADB,CID-153,USD
CA-0279,PA-1,Fabric,CID-154,USD
CA-0280,PA-2,ADB,CID-154,USD
CA-0281,PA-1,Fabric,CID-155,USD
CA-0282,PA-1,Fabric,CID-156,USD
CA-0283,PA-2,ADB,CID-156,USD
CA-0284,PA-1,Fabric,CID-157,USD
CA-0285,PA-2,ADB,CID-157,USD
CA-0286,PA-1,Fabric,CID-158,USD
CA-0287,PA-1,Fabric,CID-159,USD
CA-0288,PA-2,ADB,CID-159,USD
CA-0289,PA-1,Fabric,CID-160,USD
CA-0290,PA-2,ADB,CID-160,USD
CA-0291,PA-1,Fabric,CID-161,USD
CA-0292,PA-2,ADB,CID-161,USD
CA-0293,PA-1,Fabric,CID-162,USD
CA-0294,PA-2,ADB,CID-162,USD
CA-0295,PA-1,Fabric,CID-163,USD
CA-0296,PA-2,ADB,CID-163,USD
CA-0297,PA-1,Fabric,CID-164,USD
CA-0298,PA-1,Fabric,CID-165,USD
CA-0299,PA-1,Fabric,CID-166,USD
CA-0300,PA-2,ADB,CID-166,USD
CA-0301,PA-2,ADB,CID-167,USD
CA-0302,PA-2,ADB,CID-168,USD
CA-0303,PA-1,Fabric,CID-169,USD
CA-0304,PA-1,Fabric,CID-170,USD
CA-0305,PA-2,ADB,CID-170,USD
CA-0306,PA-1,Fabric,CID-171,USD
CA-0307,PA-2,ADB,CID-171,USD
CA-0308,PA-1,Fabric,CID-172,USD
CA-0309,PA-2,ADB,CID-172,USD
CA-0310,PA-1,Fabric,CID-173,USD
CA-0311,PA-2,ADB,CID-173,USD
CA-0312,PA-1,Fabric,CID-174,USD
CA-0313,PA-2,ADB,CID-174,USD
CA-0314,PA-1,Fabric,CID-175,USD
CA-0315,PA-1,Fabric,CID-176,USD
CA-0316,PA-2,ADB,CID-176,USD
CA-0317,PA-1,Fabric,CID-177,USD
CA-0318,PA-2,ADB,CID-177,USD
CA-0319,PA-1,Fabric,CID-178,USD
CA-0320,PA-2,ADB,CID-178,USD
CA-0321,PA-2,ADB,CID-179,USD
CA-0322,PA-1,Fabric,CID-180,USD
CA-0323,PA-2,ADB,CID-180,USD
CA-0324,PA-1,Fabric,CID-181,USD
CA-0325,PA-2,ADB,CID-181,USD
CA-0326,PA-1,Fabric,CID-182,USD
CA-0327,PA-2,ADB,CID-182,USD
CA-0328,PA-1,Fabric,CID-183,USD
CA-0329,PA-2,ADB,CID-183,USD
CA-0330,PA-1,Fabric,CID-184,USD
CA-0331,PA-1,Fabric,CID-185,USD
CA-0332,PA-2,ADB,CID-185,USD
CA-0333,PA-1,Fabric,CID-186,USD
CA-0334,PA-2,ADB,CID-186,USD
CA-0335,PA-1,Fabric,CID-187,USD
CA-0336,PA-2,ADB,CID-187,USD
CA-0337,PA-1,Fabric,CID-188,USD
CA-0338,PA-2,ADB,CID-188,USD
CA-0339,PA-1,Fabric,CID-189,USD
CA-0340,PA-2,ADB,CID-189,USD
CA-0341,PA-1,Fabric,CID-190,USD
CA-0342,PA-1,Fabric,CID-191,USD
CA-0343,PA-1,Fabric,CID-192,USD
CA-0344,PA-2,ADB,CID-192,USD
CA-0345,PA-1,Fabric,CID-193,USD
CA-0346,PA-2,ADB,CID-193,USD
CA-0347,PA-1,Fabric,CID-194,USD
CA-0348,PA-2,ADB,CID-194,USD
CA-0349,PA-1,Fabric,CID-195,USD
CA-0350,PA-2,ADB,CID-195,USD
CA-0351,PA-1,Fabric,CID-196,USD
CA-0352,PA-2,ADB,CID-196,USD
CA-0353,PA-1,Fabric,CID-197,USD
CA-0354,PA-1,Fabric,CID-198,USD
CA-0355,PA-2,ADB,CID-198,USD
CA-0356,PA-1,Fabric,CID-199,USD
CA-0357,PA-2,ADB,CID-199,USD
CA-0358,PA-1,Fabric,CID-200,USD
CA-0359,PA-2,ADB,CID-200,USD
CA-0360,PA-1,Fabric,CID-201,USD
CA-0361,PA-2,ADB,CID-201,USD
CA-0362,PA-1,Fabric,CID-202,USD
CA-0363,PA-2,ADB,CID-202,USD
CA-0364,PA-1,Fabric,CID-203,USD
CA-0365,PA-1,Fabric,CID-204,USD
CA-0366,PA-2,ADB,CID-204,USD
CA-0367,PA-1,Fabric,CID-205,USD
CA-0368,PA-2,ADB,CID-205,USD
CA-0369,PA-1,Fabric,CID-206,USD
CA-0370,PA-2,ADB,CID-206,USD
CA-0371,PA-1,Fabric,CID-207,USD
CA-0372,PA-2,ADB,CID-207,USD
CA-0373,PA-1,Fabric,CID-208,USD
CA-0374,PA-2,ADB,CID-208,USD
CA-0375,PA-1,Fabric,CID-209,USD
CA-0376,PA-2,ADB,CID-209,USD
CA-0377,PA-1,Fabric,CID-210,USD
CA-0378,PA-2,ADB,CID-210,USD
CA-0379,PA-1,Fabric,CID-211,USD
CA-0380,PA-2,ADB,CID-211,USD
CA-0381,PA-1,Fabric,CID-212,USD
CA-0382,PA-2,ADB,CID-212,USD
CA-0383,PA-2,ADB,CID-213,USD
CA-0384,PA-1,Fabric,CID-214,USD
CA-0385,PA-2,ADB,CID-214,USD
CA-0386,PA-1,Fabric,CID-215,USD
CA-0387,PA-2,ADB,CID-215,USD
CA-0388,PA-1,Fabric,CID-216,USD
CA-0389,PA-2,ADB,CID-216,USD
CA-0390,PA-2,ADB,CID-217,USD
CA-0391,PA-1,Fabric,CID-218,USD
CA-0392,PA-1,Fabric,CID-219,USD
CA-0393,PA-2,ADB,CID-219,USD
CA-0394,PA-2,ADB,CID-220,USD
CA-0395,PA-1,Fabric,CID-221,USD
CA-0396,PA-2,ADB,CID-221,USD
CA-0397,PA-1,Fabric,CID-222,USD
CA-0398,PA-1,Fabric,CID-223,USD
CA-0399,PA-2,ADB,CID-223,USD
CA-0400,PA-1,Fabric,CID-224,USD
CA-0401,PA-1,Fabric,CID-225,USD
CA-0402,PA-2,ADB,CID-225,USD
CA-0403,PA-1,Fabric,CID-226,USD
CA-0404,PA-1,Fabric,CID-227,USD
CA-0405,PA-2,ADB,CID-227,USD
CA-0406,PA-1,Fabric,CID-228,USD
CA-0407,PA-2,ADB,CID-228,USD
CA-0408,PA-1,Fabric,CID-229,USD
CA-0409,PA-2,ADB,CID-229,USD
CA-0410,PA-1,Fabric,CID-230,USD
CA-0411,PA-2,ADB,CID-230,USD
CA-0412,PA-1,Fabric,CID-231,USD
CA-0413,PA-2,ADB,CID-231,USD
CA-0414,PA-1,Fabric,CID-232,USD
CA-0415,PA-2,ADB,CID-232,USD
CA-0416,PA-1,Fabric,CID-233,USD
CA-0417,PA-2,ADB,CID-233,USD
CA-0418,PA-1,Fabric,CID-234,USD
CA-0419,PA-2,ADB,CID-234,USD
CA-0420,PA-1,Fabric,CID-235,USD
CA-0421,PA-2,ADB,CID-235,USD
CA-0422,PA-1,Fabric,CID-236,USD
CA-0423,PA-2,ADB,CID-236,USD
CA-0424,PA-2,ADB,CID-237,USD
CA-0425,PA-1,Fabric,CID-238,USD
CA-0426,PA-2,ADB,CID-238,USD
CA-0427,PA-1,Fabric,CID-239,USD
CA-0428,PA-2,ADB,CID-239,USD
CA-0429,PA-1,Fabric,CID-240,USD
CA-0430,PA-2,ADB,CID-240,USD
CA-0431,PA-1,Fabric,CID-241,USD
CA-0432,PA-2,ADB,CID-241,USD
CA-0433,PA-1,Fabric,CID-242,USD
CA-0434,PA-2,ADB,CID-242,USD
CA-0435,PA-1,Fabric,CID-243,USD
CA-0436,PA-2,ADB,CID-243,USD
CA-0437,PA-1,Fabric,CID-244,USD
CA-0438,PA-2,ADB,CID-244,USD
CA-0439,PA-1,Fabric,CID-245,USD
CA-0440,PA-2,ADB,CID-245,USD
CA-0441,PA-1,Fabric,CID-246,USD
CA-0442,PA-2,ADB,CID-246,USD
CA-0443,PA-1,Fabric,CID-247,USD
CA-0444,PA-2,ADB,CID-247,USD
CA-0445,PA-1,Fabric,CID-248,USD
CA-0446,PA-2,ADB,CID-248,USD
CA-0447,PA-1,Fabric,CID-249,USD
CA-0448,PA-2,ADB,CID-249,USD
CA-0449,PA-2,ADB,CID-250,USD
CA-0450,PA-1,Fabric,CID-251,USD
CA-0451,PA-2,ADB,CID-251,USD
CA-0452,PA-1,Fabric,CID-252,USD
CA-0453,PA-1,Fabric,CID-253,USD
CA-0454,PA-2,ADB,CID-253,USD
CA-0455,PA-1,Fabric,CID-254,USD
CA-0456,PA-2,ADB,CID-254,USD
CA-0457,PA-1,Fabric,CID-255,USD
CA-0458,PA-2,ADB,CID-255,USD
CA-0459,PA-2,ADB,CID-256,USD
CA-0460,PA-2,ADB,CID-257,USD
CA-0461,PA-1,Fabric,CID-258,USD
CA-0462,PA-2,ADB,CID-258,USD
CA-0463,PA-1,Fabric,CID-259,USD
CA-0464,PA-2,ADB,CID-259,USD
CA-0465,PA-1,Fabric,CID-260,USD
CA-0466,PA-2,ADB,CID-260,USD
CA-0467,PA-1,Fabric,CID-261,USD
CA-0468,PA-2,ADB,CID-261,USD
CA-0469,PA-1,Fabric,CID-262,USD
CA-0470,PA-1,Fabric,CID-263,USD
CA-0471,PA-2,ADB,CID-263,USD
CA-0472,PA-1,Fabric,CID-264,USD
CA-0473,PA-2,ADB,CID-264,USD
CA-0474,PA-2,ADB,CID-265,USD
CA-0475,PA-2,ADB,CID-266,USD
CA-0476,PA-1,Fabric,CID-267,USD
CA-0477,PA-1,Fabric,CID-268,USD
CA-0478,PA-2,ADB,CID-268,USD
CA-0479,PA-1,Fabric,CID-269,USD
CA-0480,PA-2,ADB,CID-269,USD
CA-0481,PA-2,ADB,CID-270,USD
CA-0482,PA-2,ADB,CID-271,USD
CA-0483,PA-1,Fabric,CID-272,USD
CA-0484,PA-2,ADB,CID-272,USD
CA-0485,PA-1,Fabric,CID-273,USD
CA-0486,PA-2,ADB,CID-273,USD
CA-0487,PA-1,Fabric,CID-274,USD
CA-0488,PA-2,ADB,CID-274,USD
CA-0489,PA-2,ADB,CID-275,USD
CA-0490,PA-1,Fabric,CID-276,USD
CA-0491,PA-2,ADB,CID-276,USD
CA-0492,PA-1,Fabric,CID-277,USD
CA-0493,PA-1,Fabric,CID-278,USD
CA-0494,PA-2,ADB,CID-278,USD
CA-0495,PA-1,Fabric,CID-279,USD
CA-0496,PA-2,ADB,CID-279,USD
CA-0497,PA-1,Fabric,CID-280,USD
CA-0498,PA-2,ADB,CID-280,USD
CA-0499,PA-1,Fabric,CID-281,USD
CA-0500,PA-2,ADB,CID-281,USD
CA-0501,PA-1,Fabric,CID-282,USD
CA-0502,PA-2,ADB,CID-282,USD
CA-0503,PA-1,Fabric,CID-283,USD
CA-0504,PA-2,ADB,CID-283,USD
CA-0505,PA-2,ADB,CID-284,USD
CA-0506,PA-1,Fabric,CID-285,USD
CA-0507,PA-2,ADB,CID-285,USD
CA-0508,PA-1,Fabric,CID-286,USD
CA-0509,PA-2,ADB,CID-286,USD
CA-0510,PA-1,Fabric,CID-287,USD
CA-0511,PA-2,ADB,CID-287,USD
CA-0512,PA-1,Fabric,CID-288,USD
CA-0513,PA-1,Fabric,CID-289,USD
CA-0514,PA-1,Fabric,CID-290,USD
CA-0515,PA-1,Fabric,CID-291,USD
CA-0516,PA-1,Fabric,CID-292,USD
CA-0517,PA-2,ADB,CID-292,USD
CA-0518,PA-1,Fabric,CID-293,USD
CA-0519,PA-2,ADB,CID-293,USD
CA-0520,PA-1,Fabric,CID-294,USD
CA-0521,PA-2,ADB,CID-294,USD
CA-0522,PA-1,Fabric,CID-295,USD
CA-0523,PA-2,ADB,CID-295,USD
CA-0524,PA-1,Fabric,CID-296,USD
CA-0525,PA-2,ADB,CID-296,USD
CA-0526,PA-1,Fabric,CID-297,USD
CA-0527,PA-2,ADB,CID-297,USD
CA-0528,PA-1,Fabric,CID-298,USD
CA-0529,PA-2,ADB,CID-298,USD
CA-0530,PA-1,Fabric,CID-299,USD
CA-0531,PA-2,ADB,CID-299,USD
CA-0532,PA-1,Fabric,CID-300,USD
CA-0533,PA-2,ADB,CID-300,USD
CA-0534,PA-1,Fabric,CID-301,USD
CA-0535,PA-2,ADB,CID-301,USD
CA-0536,PA-1,Fabric,CID-302,USD
CA-0537,PA-2,ADB,CID-302,USD
CA-0538,PA-1,Fabric,CID-303,USD
CA-0539,PA-1,Fabric,CID-304,USD
CA-0540,PA-2,ADB,CID-304,USD
CA-0541,PA-1,Fabric,CID-305,USD
CA-0542,PA-2,ADB,CID-305,USD
CA-0543,PA-1,Fabric,CID-306,USD
CA-0544,PA-2,ADB,CID-306,USD
CA-0545,PA-1,Fabric,CID-307,USD
CA-0546,PA-2,ADB,CID-307,USD
CA-0547,PA-1,Fabric,CID-308,USD
CA-0548,PA-2,ADB,CID-308,USD
CA-0549,PA-1,Fabric,CID-309,USD
CA-0550,PA-2,ADB,CID-309,USD
CA-0551,PA-1,Fabric,CID-310,USD
CA-0552,PA-2,ADB,CID-310,USD
CA-0553,PA-1,Fabric,CID-311,USD
CA-0554,PA-2,ADB,CID-311,USD
CA-0555,PA-2,ADB,CID-312,USD
CA-0556,PA-1,Fabric,CID-313,USD
CA-0557,PA-2,ADB,CID-313,USD
CA-0558,PA-1,Fabric,CID-314,USD
CA-0559,PA-2,ADB,CID-314,USD
CA-0560,PA-1,Fabric,CID-315,USD
CA-0561,PA-2,ADB,CID-315,USD
CA-0562,PA-1,Fabric,CID-316,USD
CA-0563,PA-2,ADB,CID-316,USD
CA-0564,PA-1,Fabric,CID-317,USD
CA-0565,PA-2,ADB,CID-317,USD
CA-0566,PA-1,Fabric,CID-318,USD
CA-0567,PA-2,ADB,CID-318,USD
CA-0568,PA-1,Fabric,CID-319,USD
CA-0569,PA-2,ADB,CID-319,USD
CA-0570,PA-1,Fabric,CID-320,USD
CA-0571,PA-1,Fabric,CID-321,USD
CA-0572,PA-1,Fabric,CID-322,USD
CA-0573,PA-2,ADB,CID-322,USD
CA-0574,PA-1,Fabric,CID-323,USD
CA-0575,PA-2,ADB,CID-323,USD
CA-0576,PA-1,Fabric,CID-324,USD
CA-0577,PA-2,ADB,CID-324,USD
CA-0578,PA-1,Fabric,CID-325,USD
CA-0579,PA-2,ADB,CID-325,USD
CA-0580,PA-1,Fabric,CID-326,USD
CA-0581,PA-2,ADB,CID-326,USD
CA-0582,PA-1,Fabric,CID-327,USD
CA-0583,PA-2,ADB,CID-327,USD
CA-0584,PA-1,Fabric,CID-328,USD
CA-0585,PA-2,ADB,CID-328,USD
CA-0586,PA-1,Fabric,CID-329,USD
CA-0587,PA-2,ADB,CID-329,USD
CA-0588,PA-1,Fabric,CID-330,USD
CA-0589,PA-2,ADB,CID-330,USD
CA-0590,PA-1,Fabric,CID-331,USD
CA-0591,PA-2,ADB,CID-331,USD
CA-0592,PA-1,Fabric,CID-332,USD
CA-0593,PA-2,ADB,CID-332,USD
CA-0594,PA-2,ADB,CID-333,USD
CA-0595,PA-1,Fabric,CID-334,USD
CA-0596,PA-2,ADB,CID-334,USD
CA-0597,PA-1,Fabric,CID-335,USD
CA-0598,PA-2,ADB,CID-335,USD
CA-0599,PA-1,Fabric,CID-336,USD
CA-0600,PA-2,ADB,CID-336,USD
CA-0601,PA-1,Fabric,CID-337,USD
CA-0602,PA-2,ADB,CID-337,USD
CA-0603,PA-1,Fabric,CID-338,USD
CA-0604,PA-2,ADB,CID-338,USD
CA-0605,PA-2,ADB,CID-339,USD
CA-0606,PA-1,Fabric,CID-340,USD
CA-0607,PA-2,ADB,CID-340,USD
CA-0608,PA-1,Fabric,CID-341,USD
CA-0609,PA-2,ADB,CID-341,USD
CA-0610,PA-1,Fabric,CID-342,USD
CA-0611,PA-2,ADB,CID-342,USD
CA-0612,PA-1,Fabric,CID-343,USD
CA-0613,PA-2,ADB,CID-343,USD
CA-0614,PA-1,Fabric,CID-344,USD
CA-0615,PA-2,ADB,CID-344,USD
CA-0616,PA-1,Fabric,CID-345,USD
CA-0617,PA-2,ADB,CID-345,USD
CA-0618,PA-1,Fabric,CID-346,USD
CA-0619,PA-1,Fabric,CID-347,USD
CA-0620,PA-2,ADB,CID-347,USD
CA-0621,PA-1,Fabric,CID-348,USD
CA-0622,PA-2,ADB,CID-348,USD
CA-0623,PA-1,Fabric,CID-349,USD
CA-0624,PA-2,ADB,CID-349,USD
CA-0625,PA-1,Fabric,CID-350,USD
CA-0626,PA-2,ADB,CID-350,USD
CA-0627,PA-1,Fabric,CID-351,USD
CA-0628,PA-2,ADB,CID-351,USD
CA-0629,PA-1,Fabric,CID-352,USD
CA-0630,PA-2,ADB,CID-352,USD
CA-0631,PA-1,Fabric,CID-353,USD
CA-0632,PA-2,ADB,CID-353,USD
CA-0633,PA-1,Fabric,CID-354,USD
CA-0634,PA-2,ADB,CID-354,USD
CA-0635,PA-1,Fabric,CID-355,USD
CA-0636,PA-2,ADB,CID-355,USD
CA-0637,PA-1,Fabric,CID-356,USD
CA-0638,PA-2,ADB,CID-356,USD
CA-0639,PA-1,Fabric,CID-357,USD
CA-0640,PA-2,ADB,CID-357,USD
CA-0641,PA-1,Fabric,CID-358,USD
CA-0642,PA-2,ADB,CID-358,USD
CA-0643,PA-1,Fabric,CID-359,USD
CA-0644,PA-2,ADB,CID-359,USD
CA-0645,PA-1,Fabric,CID-360,USD
CA-0646,PA-1,Fabric,CID-361,USD
CA-0647,PA-2,ADB,CID-361,USD
CA-0648,PA-1,Fabric,CID-362,USD
CA-0649,PA-2,ADB,CID-362,USD
CA-0650,PA-1,Fabric,CID-363,USD
CA-0651,PA-1,Fabric,CID-364,USD
CA-0652,PA-1,Fabric,CID-365,USD
CA-0653,PA-2,ADB,CID-366,USD
CA-0654,PA-1,Fabric,CID-367,USD
CA-0655,PA-2,ADB,CID-367,USD
CA-0656,PA-1,Fabric,CID-368,USD
CA-0657,PA-2,ADB,CID-368,USD
CA-0658,PA-1,Fabric,CID-369,USD
CA-0659,PA-2,ADB,CID-369,USD
CA-0660,PA-1,Fabric,CID-370,USD
CA-0661,PA-2,ADB,CID-371,USD
CA-0662,PA-1,Fabric,CID-372,USD
CA-0663,PA-2,ADB,CID-372,USD
CA-0664,PA-1,Fabric,CID-373,USD
CA-0665,PA-2,ADB,CID-373,USD
CA-0666,PA-1,Fabric,CID-374,USD
CA-0667,PA-2,ADB,CID-374,USD
CA-0668,PA-1,Fabric,CID-375,USD
CA-0669,PA-2,ADB,CID-375,USD
CA-0670,PA-1,Fabric,CID-376,USD
CA-0671,PA-2,ADB,CID-376,USD
CA-0672,PA-1,Fabric,CID-377,USD
CA-0673,PA-2,ADB,CID-377,USD
CA-0674,PA-1,Fabric,CID-378,USD
CA-0675,PA-2,ADB,CID-378,USD
CA-0676,PA-1,Fabric,CID-379,USD
CA-0677,PA-2,ADB,CID-379,USD
CA-0678,PA-1,Fabric,CID-380,USD
CA-0679,PA-2,ADB,CID-380,USD
CA-0680,PA-1,Fabric,CID-381,USD
CA-0681,PA-2,ADB,CID-381,USD
CA-0682,PA-1,Fabric,CID-382,USD
CA-0683,PA-2,ADB,CID-382,USD
CA-0684,PA-1,Fabric,CID-383,USD
CA-0685,PA-2,ADB,CID-383,USD
CA-0686,PA-1,Fabric,CID-384,USD
CA-0687,PA-2,ADB,CID-384,USD
CA-0688,PA-1,Fabric,CID-385,USD
CA-0689,PA-2,ADB,CID-385,USD
CA-0690,PA-1,Fabric,CID-386,USD
CA-0691,PA-2,ADB,CID-386,USD
CA-0692,PA-1,Fabric,CID-387,USD
CA-0693,PA-2,ADB,CID-387,USD
CA-0694,PA-1,Fabric,CID-388,USD
CA-0695,PA-2,ADB,CID-388,USD
CA-0696,PA-1,Fabric,CID-389,USD
CA-0697,PA-2,ADB,CID-389,USD
CA-0698,PA-1,Fabric,CID-390,USD
CA-0699,PA-2,ADB,CID-390,USD
CA-0700,PA-1,Fabric,CID-391,USD
CA-0701,PA-2,ADB,CID-391,USD
CA-0702,PA-1,Fabric,CID-392,USD
CA-0703,PA-2,ADB,CID-392,USD
CA-0704,PA-1,Fabric,CID-393,USD
CA-0705,PA-2,ADB,CID-393,USD
CA-0706,PA-1,Fabric,CID-394,USD
CA-0707,PA-2,ADB,CID-394,USD
CA-0708,PA-1,Fabric,CID-395,USD
CA-0709,PA-1,Fabric,CID-396,USD
CA-0710,PA-2,ADB,CID-396,USD
CA-0711,PA-2,ADB,CID-397,USD
CA-0712,PA-1,Fabric,CID-398,USD
CA-0713,PA-2,ADB,CID-398,USD
CA-0714,PA-1,Fabric,CID-399,USD
CA-0715,PA-2,ADB,CID-399,USD
CA-0716,PA-1,Fabric,CID-400,USD
CA-0717,PA-2,ADB,CID-400,USD
CA-0718,PA-1,Fabric,CID-401,USD
CA-0719,PA-2,ADB,CID-401,USD
CA-0720,PA-2,ADB,CID-402,USD
CA-0721,PA-1,Fabric,CID-403,USD
CA-0722,PA-2,ADB,CID-403,USD
CA-0723,PA-1,Fabric,CID-404,USD
CA-0724,PA-2,ADB,CID-404,USD
CA-0725,PA-1,Fabric,CID-405,USD
CA-0726,PA-2,ADB,CID-405,USD
CA-0727,PA-1,Fabric,CID-406,USD
CA-0728,PA-2,ADB,CID-406,USD
CA-0729,PA-1,Fabric,CID-407,USD
CA-0730,PA-2,ADB,CID-407,USD
CA-0731,PA-1,Fabric,CID-408,USD
CA-0732,PA-2,ADB,CID-408,USD
CA-0733,PA-1,Fabric,CID-409,USD
CA-0734,PA-2,ADB,CID-409,USD
CA-0735,PA-1,Fabric,CID-410,USD
CA-0736,PA-2,ADB,CID-410,USD
CA-0737,PA-1,Fabric,CID-411,USD
CA-0738,PA-2,ADB,CID-411,USD
CA-0739,PA-1,Fabric,CID-412,USD
CA-0740,PA-2,ADB,CID-412,USD
CA-0741,PA-1,Fabric,CID-413,USD
CA-0742,PA-2,ADB,CID-413,USD
CA-0743,PA-1,Fabric,CID-414,USD
CA-0744,PA-2,ADB,CID-414,USD
CA-0745,PA-1,Fabric,CID-415,USD
CA-0746,PA-2,ADB,CID-415,USD
CA-0747,PA-1,Fabric,CID-416,USD
CA-0748,PA-2,ADB,CID-416,USD
CA-0749,PA-1,Fabric,CID-417,USD
CA-0750,PA-2,ADB,CID-417,USD
CA-0751,PA-1,Fabric,CID-418,USD
CA-0752,PA-2,ADB,CID-418,USD
CA-0753,PA-1,Fabric,CID-419,USD
CA-0754,PA-2,ADB,CID-419,USD
CA-0755,PA-1,Fabric,CID-420,USD
CA-0756,PA-2,ADB,CID-420,USD
CA-0757,PA-1,Fabric,CID-421,USD
CA-0758,PA-2,ADB,CID-421,USD
CA-0759,PA-1,Fabric,CID-422,USD
CA-0760,PA-2,ADB,CID-422,USD
CA-0761,PA-1,Fabric,CID-423,USD
CA-0762,PA-2,ADB,CID-423,USD
CA-0763,PA-1,Fabric,CID-424,USD
CA-0764,PA-2,ADB,CID-424,USD
CA-0765,PA-1,Fabric,CID-425,USD
CA-0766,PA-2,ADB,CID-425,USD
CA-0767,PA-1,Fabric,CID-426,USD
CA-0768,PA-2,ADB,CID-426,USD
CA-0769,PA-1,Fabric,CID-427,USD
CA-0770,PA-2,ADB,CID-427,USD
CA-0771,PA-1,Fabric,CID-428,USD
CA-0772,PA-2,ADB,CID-428,USD
CA-0773,PA-1,Fabric,CID-429,USD
CA-0774,PA-2,ADB,CID-429,USD
CA-0775,PA-1,Fabric,CID-430,USD
CA-0776,PA-2,ADB,CID-430,USD
CA-0777,PA-1,Fabric,CID-431,USD
CA-0778,PA-2,ADB,CID-431,USD
CA-0779,PA-1,Fabric,CID-432,USD
CA-0780,PA-1,Fabric,CID-433,USD
CA-0781,PA-2,ADB,CID-433,USD
CA-0782,PA-1,Fabric,CID-434,USD
CA-0783,PA-2,ADB,CID-434,USD
CA-0784,PA-1,Fabric,CID-435,USD
CA-0785,PA-2,ADB,CID-435,USD
CA-0786,PA-1,Fabric,CID-436,USD
CA-0787,PA-1,Fabric,CID-437,USD
CA-0788,PA-2,ADB,CID-437,USD
CA-0789,PA-1,Fabric,CID-438,USD
CA-0790,PA-2,ADB,CID-438,USD
CA-0791,PA-1,Fabric,CID-439,USD
CA-0792,PA-2,ADB,CID-439,USD
CA-0793,PA-1,Fabric,CID-440,USD
CA-0794,PA-2,ADB,CID-440,USD
CA-0795,PA-1,Fabric,CID-441,USD
CA-0796,PA-1,Fabric,CID-442,USD
CA-0797,PA-2,ADB,CID-442,USD
CA-0798,PA-1,Fabric,CID-443,USD
CA-0799,PA-2,ADB,CID-443,USD
CA-0800,PA-1,Fabric,CID-444,USD
CA-0801,PA-2,ADB,CID-444,USD
CA-0802,PA-1,Fabric,CID-445,USD
CA-0803,PA-2,ADB,CID-445,USD
CA-0804,PA-1,Fabric,CID-446,USD
CA-0805,PA-2,ADB,CID-446,USD
CA-0806,PA-1,Fabric,CID-447,USD
CA-0807,PA-2,ADB,CID-447,USD
CA-0808,PA-1,Fabric,CID-448,USD
CA-0809,PA-2,ADB,CID-448,USD
CA-0810,PA-1,Fabric,CID-449,USD
CA-0811,PA-2,ADB,CID-449,USD
CA-0812,PA-1,Fabric,CID-450,USD
CA-0813,PA-2,ADB,CID-450,USD
CA-0814,PA-1,Fabric,CID-451,USD
CA-0815,PA-2,ADB,CID-451,USD
CA-0816,PA-1,Fabric,CID-452,USD
CA-0817,PA-2,ADB,CID-452,USD
CA-0818,PA-1,Fabric,CID-453,USD
CA-0819,PA-2,ADB,CID-453,USD
CA-0820,PA-2,ADB,CID-454,USD
CA-0821,PA-1,Fabric,CID-455,USD
CA-0822,PA-2,ADB,CID-455,USD
CA-0823,PA-1,Fabric,CID-456,USD
CA-0824,PA-2,ADB,CID-456,USD
CA-0825,PA-1,Fabric,CID-457,USD
CA-0826,PA-2,ADB,CID-457,USD
CA-0827,PA-1,Fabric,CID-458,USD
CA-0828,PA-2,ADB,CID-458,USD
CA-0829,PA-1,Fabric,CID-459,USD
CA-0830,PA-1,Fabric,CID-460,USD
CA-0831,PA-2,ADB,CID-460,USD
CA-0832,PA-1,Fabric,CID-461,USD
CA-0833,PA-2,ADB,CID-461,USD
CA-0834,PA-1,Fabric,CID-462,USD
CA-0835,PA-2,ADB,CID-462,USD
CA-0836,PA-1,Fabric,CID-463,USD
CA-0837,PA-2,ADB,CID-463,USD
CA-0838,PA-1,Fabric,CID-464,USD
CA-0839,PA-2,ADB,CID-464,USD
CA-0840,PA-1,Fabric,CID-465,USD
CA-0841,PA-2,ADB,CID-465,USD
CA-0842,PA-1,Fabric,CID-466,USD
CA-0843,PA-1,Fabric,CID-467,USD
CA-0844,PA-2,ADB,CID-467,USD
CA-0845,PA-2,ADB,CID-468,USD
CA-0846,PA-1,Fabric,CID-469,USD
CA-0847,PA-2,ADB,CID-469,USD
CA-0848,PA-1,Fabric,CID-470,USD
CA-0849,PA-2,ADB,CID-470,USD
CA-0850,PA-1,Fabric,CID-471,USD
CA-0851,PA-2,ADB,CID-471,USD
CA-0852,PA-1,Fabric,CID-472,USD
CA-0853,PA-2,ADB,CID-472,USD
CA-0854,PA-1,Fabric,CID-473,USD
CA-0855,PA-2,ADB,CID-473,USD
CA-0856,PA-2,ADB,CID-474,USD
CA-0857,PA-1,Fabric,CID-475,USD
CA-0858,PA-2,ADB,CID-475,USD
CA-0859,PA-1,Fabric,CID-476,USD
CA-0860,PA-2,ADB,CID-477,USD
CA-0861,PA-1,Fabric,CID-478,USD
CA-0862,PA-2,ADB,CID-478,USD
CA-0863,PA-1,Fabric,CID-479,USD
CA-0864,PA-2,ADB,CID-479,USD
CA-0865,PA-1,Fabric,CID-480,USD
CA-0866,PA-1,Fabric,CID-481,USD
CA-0867,PA-1,Fabric,CID-482,USD
CA-0868,PA-2,ADB,CID-482,USD
CA-0869,PA-1,Fabric,CID-483,USD
CA-0870,PA-2,ADB,CID-483,USD
CA-0871,PA-1,Fabric,CID-484,USD
CA-0872,PA-2,ADB,CID-484,USD
CA-0873,PA-1,Fabric,CID-485,USD
CA-0874,PA-2,ADB,CID-485,USD
CA-0875,PA-2,ADB,CID-486,USD
CA-0876,PA-1,Fabric,CID-487,USD
CA-0877,PA-2,ADB,CID-487,USD
CA-0878,PA-1,Fabric,CID-488,USD
CA-0879,PA-1,Fabric,CID-489,USD
CA-0880,PA-2,ADB,CID-489,USD
CA-0881,PA-1,Fabric,CID-490,USD
CA-0882,PA-2,ADB,CID-490,USD
CA-0883,PA-1,Fabric,CID-491,USD
CA-0884,PA-2,ADB,CID-491,USD
CA-0885,PA-1,Fabric,CID-492,USD
CA-0886,PA-2,ADB,CID-492,USD
CA-0887,PA-1,Fabric,CID-493,USD
CA-0888,PA-1,Fabric,CID-494,USD
CA-0889,PA-2,ADB,CID-494,USD
CA-0890,PA-1,Fabric,CID-495,USD
CA-0891,PA-2,ADB,CID-495,USD
CA-0892,PA-1,Fabric,CID-496,USD
CA-0893,PA-2,ADB,CID-496,USD
CA-0894,PA-2,ADB,CID-497,USD
CA-0895,PA-1,Fabric,CID-498,USD
CA-0896,PA-2,ADB,CID-498,USD
CA-0897,PA-1,Fabric,CID-499,USD
CA-0898,PA-2,ADB,CID-499,USD
CA-0899,PA-1,Fabric,CID-500,USD
CA-0900,PA-1,Fabric,CID-501,USD
CA-0901,PA-2,ADB,CID-501,USD
CA-0902,PA-1,Fabric,CID-502,USD
CA-0903,PA-2,ADB,CID-502,USD
CA-0904,PA-1,Fabric,CID-503,USD
CA-0905,PA-2,ADB,CID-503,USD
CA-0906,PA-1,Fabric,CID-504,USD
CA-0907,PA-2,ADB,CID-504,USD
CA-0908,PA-1,Fabric,CID-505,USD
CA-0909,PA-2,ADB,CID-505,USD
CA-0910,PA-1,Fabric,CID-506,USD
CA-0911,PA-2,ADB,CID-506,USD
CA-0912,PA-1,Fabric,CID-507,USD
CA-0913,PA-2,ADB,CID-507,USD
CA-0914,PA-1,Fabric,CID-508,USD
CA-0915,PA-2,ADB,CID-508,USD
CA-0916,PA-1,Fabric,CID-509,USD
CA-0917,PA-2,ADB,CID-509,USD
CA-0918,PA-1,Fabric,CID-510,USD
CA-0919,PA-2,ADB,CID-510,USD
CA-0920,PA-1,Fabric,CID-511,USD
CA-0921,PA-2,ADB,CID-511,USD
CA-0922,PA-1,Fabric,CID-512,USD
CA-0923,PA-2,ADB,CID-512,USD
CA-0924,PA-1,Fabric,CID-513,USD
CA-0925,PA-2,ADB,CID-513,USD
CA-0926,PA-3,Snow,CID-001,USD
CA-0927,PA-3,Snow,CID-002,USD
CA-0928,PA-3,Snow,CID-003,USD
CA-0929,PA-3,Snow,CID-004,USD
CA-0930,PA-3,Snow,CID-005,USD
CA-0931,PA-3,Snow,CID-006,USD
CA-0932,PA-3,Snow,CID-007,USD
CA-0933,PA-3,Snow,CID-008,USD
CA-0934,PA-3,Snow,CID-009,USD
CA-0935,PA-3,Snow,CID-010,USD
CA-0936,PA-3,Snow,CID-011,USD
CA-0937,PA-3,Snow,CID-012,USD
CA-0938,PA-3,Snow,CID-013,USD
CA-0939,PA-3,Snow,CID-014,USD
CA-0940,PA-3,Snow,CID-015,USD
CA-0941,PA-3,Snow,CID-016,USD
CA-0942,PA-3,Snow,CID-017,USD
CA-0943,PA-3,Snow,CID-018,USD
CA-0944,PA-3,Snow,CID-019,USD
CA-0945,PA-3,Snow,CID-020,USD
CA-0946,PA-3,Snow,CID-021,USD
CA-0947,PA-3,Snow,CID-022,USD
CA-0948,PA-3,Snow,CID-023,USD
CA-0949,PA-3,Snow,CID-024,USD
CA-0950,PA-3,Snow,CID-025,USD
CA-0951,PA-3,Snow,CID-026,USD
CA-0952,PA-3,Snow,CID-027,USD
CA-0953,PA-3,Snow,CID-028,USD
CA-0954,PA-3,Snow,CID-029,USD
CA-0955,PA-3,Snow,CID-030,USD
CA-0956,PA-3,Snow,CID-031,USD
CA-0957,PA-3,Snow,CID-032,USD
CA-0958,PA-3,Snow,CID-033,USD
CA-0959,PA-3,Snow,CID-034,USD
CA-0960,PA-3,Snow,CID-035,USD
CA-0961,PA-3,Snow,CID-036,USD
CA-0962,PA-3,Snow,CID-037,USD
CA-0963,PA-3,Snow,CID-038,USD
CA-0964,PA-3,Snow,CID-039,USD
CA-0965,PA-3,Snow,CID-040,USD
CA-0966,PA-3,Snow,CID-041,USD
CA-0967,PA-3,Snow,CID-042,USD
CA-0968,PA-3,Snow,CID-043,USD
CA-0969,PA-3,Snow,CID-044,USD
CA-0970,PA-3,Snow,CID-045,USD
CA-0971,PA-3,Snow,CID-046,USD
CA-0972,PA-3,Snow,CID-047,USD
CA-0973,PA-3,Snow,CID-048,USD
CA-0974,PA-3,Snow,CID-049,USD
CA-0975,PA-3,Snow,CID-050,USD
CA-0976,PA-3,Snow,CID-051,USD
CA-0977,PA-3,Snow,CID-052,USD
CA-0978,PA-3,Snow,CID-053,USD
CA-0979,PA-3,Snow,CID-054,USD
CA-0980,PA-3,Snow,CID-055,USD
CA-0981,PA-3,Snow,CID-056,USD
CA-0982,PA-3,Snow,CID-057,USD
CA-0983,PA-3,Snow,CID-058,USD
CA-0984,PA-3,Snow,CID-059,USD
CA-0985,PA-3,Snow,CID-060,USD
CA-0986,PA-3,Snow,CID-061,USD
CA-0987,PA-3,Snow,CID-062,USD
CA-0988,PA-3,Snow,CID-063,USD
CA-0989,PA-3,Snow,CID-064,USD
CA-0990,PA-3,Snow,CID-065,USD
CA-0991,PA-3,Snow,CID-066,USD
CA-0992,PA-3,Snow,CID-067,USD
CA-0993,PA-3,Snow,CID-068,USD
CA-0994,PA-3,Snow,CID-069,USD
CA-0995,PA-3,Snow,CID-070,USD
CA-0996,PA-3,Snow,CID-071,USD
CA-0997,PA-3,Snow,CID-072,USD
CA-0998,PA-3,Snow,CID-073,USD
CA-0999,PA-3,Snow,CID-074,USD
CA-1000,PA-3,Snow,CID-075,USD
CA-1001,PA-3,Snow,CID-076,USD
CA-1002,PA-3,Snow,CID-077,USD
CA-1003,PA-3,Snow,CID-078,USD
CA-1004,PA-3,Snow,CID-079,USD
CA-1005,PA-3,Snow,CID-080,USD
CA-1006,PA-3,Snow,CID-081,USD
CA-1007,PA-3,Snow,CID-082,USD
CA-1008,PA-3,Snow,CID-083,USD
CA-1009,PA-3,Snow,CID-084,USD
CA-1010,PA-3,Snow,CID-085,USD
CA-1011,PA-3,Snow,CID-086,USD
CA-1012,PA-3,Snow,CID-087,USD
CA-1013,PA-3,Snow,CID-088,USD
CA-1014,PA-3,Snow,CID-089,USD
CA-1015,PA-3,Snow,CID-090,USD
CA-1016,PA-3,Snow,CID-091,USD
CA-1017,PA-3,Snow,CID-092,USD
CA-1018,PA-3,Snow,CID-093,USD
CA-1019,PA-3,Snow,CID-094,USD
CA-1020,PA-3,Snow,CID-095,USD
CA-1021,PA-3,Snow,CID-096,USD
CA-1022,PA-3,Snow,CID-097,USD
CA-1023,PA-3,Snow,CID-098,USD
CA-1024,PA-3,Snow,CID-099,USD
CA-1025,PA-3,Snow,CID-100,USD
CA-1026,PA-3,Snow,CID-101,USD
CA-1027,PA-3,Snow,CID-102,USD
CA-1028,PA-3,Snow,CID-103,USD
CA-1029,PA-3,Snow,CID-104,USD
CA-1030,PA-3,Snow,CID-105,USD
CA-1031,PA-3,Snow,CID-106,USD
CA-1032,PA-3,Snow,CID-107,USD
CA-1033,PA-3,Snow,CID-108,USD
CA-1034,PA-3,Snow,CID-109,USD
CA-1035,PA-3,Snow,CID-110,USD
CA-1036,PA-3,Snow,CID-111,USD
CA-1037,PA-3,Snow,CID-112,USD
CA-1038,PA-3,Snow,CID-113,USD
CA-1039,PA-3,Snow,CID-114,USD
CA-1040,PA-3,Snow,CID-115,USD
CA-1041,PA-3,Snow,CID-116,USD
CA-1042,PA-3,Snow,CID-117,USD
CA-1043,PA-3,Snow,CID-118,USD
CA-1044,PA-3,Snow,CID-119,USD
CA-1045,PA-3,Snow,CID-120,USD
CA-1046,PA-3,Snow,CID-121,USD
CA-1047,PA-3,Snow,CID-122,USD
CA-1048,PA-3,Snow,CID-123,USD
CA-1049,PA-3,Snow,CID-124,USD
CA-1050,PA-3,Snow,CID-125,USD
CA-1051,PA-3,Snow,CID-126,USD
CA-1052,PA-3,Snow,CID-127,USD
CA-1053,PA-3,Snow,CID-128,USD
CA-1054,PA-3,Snow,CID-129,USD
CA-1055,PA-3,Snow,CID-130,USD
CA-1056,PA-3,Snow,CID-131,USD
CA-1057,PA-3,Snow,CID-132,USD
CA-1058,PA-3,Snow,CID-133,USD
CA-1059,PA-3,Snow,CID-134,USD
CA-1060,PA-3,Snow,CID-135,USD
CA-1061,PA-3,Snow,CID-136,USD
CA-1062,PA-3,Snow,CID-137,USD
CA-1063,PA-3,Snow,CID-138,USD
CA-1064,PA-3,Snow,CID-139,USD
CA-1065,PA-3,Snow,CID-140,USD
CA-1066,PA-3,Snow,CID-141,USD
CA-1067,PA-3,Snow,CID-142,USD
CA-1068,PA-3,Snow,CID-143,USD
CA-1069,PA-3,Snow,CID-144,USD
CA-1070,PA-3,Snow,CID-145,USD
CA-1071,PA-3,Snow,CID-146,USD
CA-1072,PA-3,Snow,CID-147,USD
CA-1073,PA-3,Snow,CID-148,USD
CA-1074,PA-3,Snow,CID-149,USD
CA-1075,PA-3,Snow,CID-150,USD
CA-1076,PA-3,Snow,CID-151,USD
CA-1077,PA-3,Snow,CID-152,USD
CA-1078,PA-3,Snow,CID-153,USD
CA-1079,PA-3,Snow,CID-154,USD
CA-1080,PA-3,Snow,CID-155,USD
CA-1081,PA-3,Snow,CID-156,USD
CA-1082,PA-3,Snow,CID-157,USD
CA-1083,PA-3,Snow,CID-158,USD
CA-1084,PA-3,Snow,CID-159,USD
CA-1085,PA-3,Snow,CID-160,USD
CA-1086,PA-3,Snow,CID-161,USD
CA-1087,PA-3,Snow,CID-162,USD
CA-1088,PA-3,Snow,CID-163,USD
CA-1089,PA-3,Snow,CID-164,USD
CA-1090,PA-3,Snow,CID-165,USD
CA-1091,PA-3,Snow,CID-166,USD
CA-1092,PA-3,Snow,CID-167,USD
CA-1093,PA-3,Snow,CID-168,USD
CA-1094,PA-3,Snow,CID-169,USD
CA-1095,PA-3,Snow,CID-170,USD
CA-1096,PA-3,Snow,CID-171,USD
CA-1097,PA-3,Snow,CID-172,USD
CA-1098,PA-3,Snow,CID-173,USD
CA-1099,PA-3,Snow,CID-174,USD
CA-1100,PA-3,Snow,CID-175,USD
CA-1101,PA-3,Snow,CID-176,USD
CA-1102,PA-3,Snow,CID-177,USD
CA-1103,PA-3,Snow,CID-178,USD
CA-1104,PA-3,Snow,CID-179,USD
CA-1105,PA-3,Snow,CID-180,USD
CA-1106,PA-3,Snow,CID-181,USD
CA-1107,PA-3,Snow,CID-182,USD
CA-1108,PA-3,Snow,CID-183,USD
CA-1109,PA-3,Snow,CID-184,USD
CA-1110,PA-3,Snow,CID-185,USD
CA-1111,PA-3,Snow,CID-186,USD
CA-1112,PA-3,Snow,CID-187,USD
CA-1113,PA-3,Snow,CID-188,USD
CA-1114,PA-3,Snow,CID-189,USD
CA-1115,PA-3,Snow,CID-190,USD
CA-1116,PA-3,Snow,CID-191,USD
CA-1117,PA-3,Snow,CID-192,USD
CA-1118,PA-3,Snow,CID-193,USD
CA-1119,PA-3,Snow,CID-194,USD
CA-1120,PA-3,Snow,CID-195,USD
CA-1121,PA-3,Snow,CID-196,USD
CA-1122,PA-3,Snow,CID-197,USD
CA-1123,PA-3,Snow,CID-198,USD
CA-1124,PA-3,Snow,CID-199,USD
CA-1125,PA-3,Snow,CID-200,USD
CA-1126,PA-3,Snow,CID-201,USD
CA-1127,PA-3,Snow,CID-202,USD
CA-1128,PA-3,Snow,CID-203,USD
CA-1129,PA-3,Snow,CID-204,USD
CA-1130,PA-3,Snow,CID-205,USD
CA-1131,PA-3,Snow,CID-206,USD
CA-1132,PA-3,Snow,CID-207,USD
CA-1133,PA-3,Snow,CID-208,USD
CA-1134,PA-3,Snow,CID-209,USD
CA-1135,PA-3,Snow,CID-210,USD
CA-1136,PA-3,Snow,CID-211,USD
CA-1137,PA-3,Snow,CID-212,USD
CA-1138,PA-3,Snow,CID-213,USD
CA-1139,PA-3,Snow,CID-214,USD
CA-1140,PA-3,Snow,CID-215,USD
CA-1141,PA-3,Snow,CID-216,USD
CA-1142,PA-3,Snow,CID-217,USD
CA-1143,PA-3,Snow,CID-218,USD
CA-1144,PA-3,Snow,CID-219,USD
CA-1145,PA-3,Snow,CID-220,USD
CA-1146,PA-3,Snow,CID-221,USD
CA-1147,PA-3,Snow,CID-222,USD
CA-1148,PA-3,Snow,CID-223,USD
CA-1149,PA-3,Snow,CID-224,USD
CA-1150,PA-3,Snow,CID-225,USD
CA-1151,PA-3,Snow,CID-226,USD
CA-1152,PA-3,Snow,CID-227,USD
CA-1153,PA-3,Snow,CID-228,USD
CA-1154,PA-3,Snow,CID-229,USD
CA-1155,PA-3,Snow,CID-230,USD
CA-1156,PA-3,Snow,CID-231,USD
CA-1157,PA-3,Snow,CID-232,USD
CA-1158,PA-3,Snow,CID-233,USD
CA-1159,PA-3,Snow,CID-234,USD
CA-1160,PA-3,Snow,CID-235,USD
CA-1161,PA-3,Snow,CID-236,USD
CA-1162,PA-3,Snow,CID-237,USD
CA-1163,PA-3,Snow,CID-238,USD
CA-1164,PA-3,Snow,CID-239,USD
CA-1165,PA-3,Snow,CID-240,USD
CA-1166,PA-3,Snow,CID-241,USD
CA-1167,PA-3,Snow,CID-242,USD
CA-1168,PA-3,Snow,CID-243,USD
CA-1169,PA-3,Snow,CID-244,USD
CA-1170,PA-3,Snow,CID-245,USD
CA-1171,PA-3,Snow,CID-246,USD
CA-1172,PA-3,Snow,CID-247,USD
CA-1173,PA-3,Snow,CID-248,USD
CA-1174,PA-3,Snow,CID-249,USD
CA-1175,PA-3,Snow,CID-250,USD
CA-1176,PA-3,Snow,CID-251,USD
CA-1177,PA-3,Snow,CID-252,USD
CA-1178,PA-3,Snow,CID-253,USD
CA-1179,PA-3,Snow,CID-254,USD
CA-1180,PA-3,Snow,CID-255,USD
CA-1181,PA-3,Snow,CID-256,USD
CA-1182,PA-3,Snow,CID-257,USD
CA-1183,PA-3,Snow,CID-258,USD
CA-1184,PA-3,Snow,CID-259,USD
CA-1185,PA-3,Snow,CID-260,USD
CA-1186,PA-3,Snow,CID-261,USD
CA-1187,PA-3,Snow,CID-262,USD
CA-1188,PA-3,Snow,CID-263,USD
CA-1189,PA-3,Snow,CID-264,USD
CA-1190,PA-3,Snow,CID-265,USD
CA-1191,PA-3,Snow,CID-266,USD
CA-1192,PA-3,Snow,CID-267,USD
CA-1193,PA-3,Snow,CID-268,USD
CA-1194,PA-3,Snow,CID-269,USD
CA-1195,PA-3,Snow,CID-270,USD
CA-1196,PA-3,Snow,CID-271,USD
CA-1197,PA-3,Snow,CID-272,USD
CA-1198,PA-3,Snow,CID-273,USD
CA-1199,PA-3,Snow,CID-274,USD
CA-1200,PA-3,Snow,CID-275,USD
CA-1201,PA-3,Snow,CID-276,USD
CA-1202,PA-3,Snow,CID-277,USD
CA-1203,PA-3,Snow,CID-278,USD
CA-1204,PA-3,Snow,CID-279,USD
CA-1205,PA-3,Snow,CID-280,USD
CA-1206,PA-3,Snow,CID-281,USD
CA-1207,PA-3,Snow,CID-282,USD
CA-1208,PA-3,Snow,CID-283,USD
CA-1209,PA-3,Snow,CID-284,USD
CA-1210,PA-3,Snow,CID-285,USD
CA-1211,PA-3,Snow,CID-286,USD
CA-1212,PA-3,Snow,CID-287,USD
CA-1213,PA-3,Snow,CID-288,USD
CA-1214,PA-3,Snow,CID-289,USD
CA-1215,PA-3,Snow,CID-290,USD
CA-1216,PA-3,Snow,CID-291,USD
CA-1217,PA-3,Snow,CID-292,USD
CA-1218,PA-3,Snow,CID-293,USD
CA-1219,PA-3,Snow,CID-294,USD
CA-1220,PA-3,Snow,CID-295,USD
CA-1221,PA-3,Snow,CID-296,USD
CA-1222,PA-3,Snow,CID-297,USD
CA-1223,PA-3,Snow,CID-298,USD
CA-1224,PA-3,Snow,CID-299,USD
CA-1225,PA-3,Snow,CID-300,USD
CA-1226,PA-3,Snow,CID-301,USD
CA-1227,PA-3,Snow,CID-302,USD
CA-1228,PA-3,Snow,CID-303,USD
CA-1229,PA-3,Snow,CID-304,USD
CA-1230,PA-3,Snow,CID-305,USD
CA-1231,PA-3,Snow,CID-306,USD
CA-1232,PA-3,Snow,CID-307,USD
CA-1233,PA-3,Snow,CID-308,USD
CA-1234,PA-3,Snow,CID-309,USD
CA-1235,PA-3,Snow,CID-310,USD
CA-1236,PA-3,Snow,CID-311,USD
CA-1237,PA-3,Snow,CID-312,USD
CA-1238,PA-3,Snow,CID-313,USD
CA-1239,PA-3,Snow,CID-314,USD
CA-1240,PA-3,Snow,CID-315,USD
CA-1241,PA-3,Snow,CID-316,USD
CA-1242,PA-3,Snow,CID-317,USD
CA-1243,PA-3,Snow,CID-318,USD
CA-1244,PA-3,Snow,CID-319,USD
CA-1245,PA-3,Snow,CID-320,USD
CA-1246,PA-3,Snow,CID-321,USD
CA-1247,PA-3,Snow,CID-322,USD
CA-1248,PA-3,Snow,CID-323,USD
CA-1249,PA-3,Snow,CID-324,USD
CA-1250,PA-3,Snow,CID-325,USD
CA-1251,PA-3,Snow,CID-326,USD
CA-1252,PA-3,Snow,CID-327,USD
CA-1253,PA-3,Snow,CID-328,USD
CA-1254,PA-3,Snow,CID-329,USD
CA-1255,PA-3,Snow,CID-330,USD
CA-1256,PA-3,Snow,CID-331,USD
CA-1257,PA-3,Snow,CID-332,USD
CA-1258,PA-3,Snow,CID-333,USD
CA-1259,PA-3,Snow,CID-334,USD
CA-1260,PA-3,Snow,CID-335,USD
CA-1261,PA-3,Snow,CID-336,USD
CA-1262,PA-3,Snow,CID-337,USD
CA-1263,PA-3,Snow,CID-338,USD
CA-1264,PA-3,Snow,CID-339,USD
CA-1265,PA-3,Snow,CID-340,USD
CA-1266,PA-3,Snow,CID-341,USD
CA-1267,PA-3,Snow,CID-342,USD
CA-1268,PA-3,Snow,CID-343,USD
CA-1269,PA-3,Snow,CID-344,USD
CA-1270,PA-3,Snow,CID-345,USD
CA-1271,PA-3,Snow,CID-346,USD
CA-1272,PA-3,Snow,CID-347,USD
CA-1273,PA-3,Snow,CID-348,USD
CA-1274,PA-3,Snow,CID-349,USD
CA-1275,PA-3,Snow,CID-350,USD
CA-1276,PA-3,Snow,CID-351,USD
CA-1277,PA-3,Snow,CID-352,USD
CA-1278,PA-3,Snow,CID-353,USD
CA-1279,PA-3,Snow,CID-354,USD
CA-1280,PA-3,Snow,CID-355,USD
CA-1281,PA-3,Snow,CID-356,USD
CA-1282,PA-3,Snow,CID-357,USD
CA-1283,PA-3,Snow,CID-358,USD
CA-1284,PA-3,Snow,CID-359,USD
CA-1285,PA-3,Snow,CID-360,USD
CA-1286,PA-3,Snow,CID-361,USD
CA-1287,PA-3,Snow,CID-362,USD
CA-1288,PA-3,Snow,CID-363,USD
CA-1289,PA-3,Snow,CID-364,USD
CA-1290,PA-3,Snow,CID-365,USD
CA-1291,PA-3,Snow,CID-366,USD
CA-1292,PA-3,Snow,CID-367,USD
CA-1293,PA-3,Snow,CID-368,USD
CA-1294,PA-3,Snow,CID-369,USD
CA-1295,PA-3,Snow,CID-370,USD
CA-1296,PA-3,Snow,CID-371,USD
CA-1297,PA-3,Snow,CID-372,USD
CA-1298,PA-3,Snow,CID-373,USD
CA-1299,PA-3,Snow,CID-374,USD
CA-1300,PA-3,Snow,CID-375,USD
CA-1301,PA-3,Snow,CID-376,USD
CA-1302,PA-3,Snow,CID-377,USD
CA-1303,PA-3,Snow,CID-378,USD
CA-1304,PA-3,Snow,CID-379,USD
CA-1305,PA-3,Snow,CID-380,USD
CA-1306,PA-3,Snow,CID-381,USD
CA-1307,PA-3,Snow,CID-382,USD
CA-1308,PA-3,Snow,CID-383,USD
CA-1309,PA-3,Snow,CID-384,USD
CA-1310,PA-3,Snow,CID-385,USD
CA-1311,PA-3,Snow,CID-386,USD
CA-1312,PA-3,Snow,CID-387,USD
CA-1313,PA-3,Snow,CID-388,USD
CA-1314,PA-3,Snow,CID-389,USD
CA-1315,PA-3,Snow,CID-390,USD
CA-1316,PA-3,Snow,CID-391,USD
CA-1317,PA-3,Snow,CID-392,USD
CA-1318,PA-3,Snow,CID-393,USD
CA-1319,PA-3,Snow,CID-394,USD
CA-1320,PA-3,Snow,CID-395,USD
CA-1321,PA-3,Snow,CID-396,USD
CA-1322,PA-3,Snow,CID-397,USD
CA-1323,PA-3,Snow,CID-398,USD
CA-1324,PA-3,Snow,CID-399,USD
CA-1325,PA-3,Snow,CID-400,USD
CA-1326,PA-3,Snow,CID-401,USD
CA-1327,PA-3,Snow,CID-402,USD
CA-1328,PA-3,Snow,CID-403,USD
CA-1329,PA-3,Snow,CID-404,USD
CA-1330,PA-3,Snow,CID-405,USD
CA-1331,PA-3,Snow,CID-406,USD
CA-1332,PA-3,Snow,CID-407,USD
CA-1333,PA-3,Snow,CID-408,USD
CA-1334,PA-3,Snow,CID-409,USD
CA-1335,PA-3,Snow,CID-410,USD
CA-1336,PA-3,Snow,CID-411,USD
CA-1337,PA-3,Snow,CID-412,USD
CA-1338,PA-3,Snow,CID-413,USD
CA-1339,PA-3,Snow,CID-414,USD
CA-1340,PA-3,Snow,CID-415,USD
CA-1341,PA-3,Snow,CID-416,USD
CA-1342,PA-3,Snow,CID-417,USD
CA-1343,PA-3,Snow,CID-418,USD
CA-1344,PA-3,Snow,CID-419,USD
CA-1345,PA-3,Snow,CID-420,USD
CA-1346,PA-3,Snow,CID-421,USD
CA-1347,PA-3,Snow,CID-422,USD
CA-1348,PA-3,Snow,CID-423,USD
CA-1349,PA-3,Snow,CID-424,USD
CA-1350,PA-3,Snow,CID-425,USD
CA-1351,PA-3,Snow,CID-426,USD
CA-1352,PA-3,Snow,CID-427,USD
CA-1353,PA-3,Snow,CID-428,USD
CA-1354,PA-3,Snow,CID-429,USD
CA-1355,PA-3,Snow,CID-430,USD
CA-1356,PA-3,Snow,CID-431,USD
CA-1357,PA-3,Snow,CID-432,USD
CA-1358,PA-3,Snow,CID-433,USD
CA-1359,PA-3,Snow,CID-434,USD
CA-1360,PA-3,Snow,CID-435,USD
CA-1361,PA-3,Snow,CID-436,USD
CA-1362,PA-3,Snow,CID-437,USD
CA-1363,PA-3,Snow,CID-438,USD
CA-1364,PA-3,Snow,CID-439,USD
CA-1365,PA-3,Snow,CID-440,USD
CA-1366,PA-3,Snow,CID-441,USD
CA-1367,PA-3,Snow,CID-442,USD
CA-1368,PA-3,Snow,CID-443,USD
CA-1369,PA-3,Snow,CID-444,USD
CA-1370,PA-3,Snow,CID-445,USD
CA-1371,PA-3,Snow,CID-446,USD
CA-1372,PA-3,Snow,CID-447,USD
CA-1373,PA-3,Snow,CID-448,USD
CA-1374,PA-3,Snow,CID-449,USD
CA-1375,PA-3,Snow,CID-450,USD
CA-1376,PA-3,Snow,CID-451,USD
CA-1377,PA-3,Snow,CID-452,USD
CA-1378,PA-3,Snow,CID-453,USD
CA-1379,PA-3,Snow,CID-454,USD
CA-1380,PA-3,Snow,CID-455,USD
CA-1381,PA-3,Snow,CID-456,USD
CA-1382,PA-3,Snow,CID-457,USD
CA-1383,PA-3,Snow,CID-458,USD
CA-1384,PA-3,Snow,CID-459,USD
CA-1385,PA-3,Snow,CID-460,USD
CA-1386,PA-3,Snow,CID-461,USD
CA-1387,PA-3,Snow,CID-462,USD
CA-1388,PA-3,Snow,CID-463,USD
CA-1389,PA-3,Snow,CID-464,USD
CA-1390,PA-3,Snow,CID-465,USD
CA-1391,PA-3,Snow,CID-466,USD
CA-1392,PA-3,Snow,CID-467,USD
CA-1393,PA-3,Snow,CID-468,USD
CA-1394,PA-3,Snow,CID-469,USD
CA-1395,PA-3,Snow,CID-470,USD
CA-1396,PA-3,Snow,CID-471,USD
CA-1397,PA-3,Snow,CID-472,USD
CA-1398,PA-3,Snow,CID-473,USD
CA-1399,PA-3,Snow,CID-474,USD
CA-1400,PA-3,Snow,CID-475,USD
CA-1401,PA-3,Snow,CID-476,USD
CA-1402,PA-3,Snow,CID-477,USD
CA-1403,PA-3,Snow,CID-478,USD
CA-1404,PA-3,Snow,CID-479,USD
CA-1405,PA-3,Snow,CID-480,USD
CA-1406,PA-3,Snow,CID-481,USD
CA-1407,PA-3,Snow,CID-482,USD
CA-1408,PA-3,Snow,CID-483,USD
CA-1409,PA-3,Snow,CID-484,USD
CA-1410,PA-3,Snow,CID-485,USD
CA-1411,PA-3,Snow,CID-486,USD
CA-1412,PA-3,Snow,CID-487,USD
CA-1413,PA-3,Snow,CID-488,USD
CA-1414,PA-3,Snow,CID-489,USD
CA-1415,PA-3,Snow,CID-490,USD
CA-1416,PA-3,Snow,CID-491,USD
CA-1417,PA-3,Snow,CID-492,USD
CA-1418,PA-3,Snow,CID-493,USD
CA-1419,PA-3,Snow,CID-494,USD
CA-1420,PA-3,Snow,CID-495,USD
CA-1421,PA-3,Snow,CID-496,USD
CA-1422,PA-3,Snow,CID-497,USD
CA-1423,PA-3,Snow,CID-498,USD
CA-1424,PA-3,Snow,CID-499,USD
CA-1425,PA-3,Snow,CID-500,USD
CA-1426,PA-3,Snow,CID-501,USD
CA-1427,PA-3,Snow,CID-502,USD
CA-1428,PA-3,Snow,CID-503,USD
CA-1429,PA-3,Snow,CID-504,USD
CA-1430,PA-3,Snow,CID-505,USD
CA-1431,PA-3,Snow,CID-506,USD
CA-1432,PA-3,Snow,CID-507,USD
CA-1433,PA-3,Snow,CID-508,USD
CA-1434,PA-3,Snow,CID-509,USD
CA-1435,PA-3,Snow,CID-510,USD
CA-1436,PA-3,Snow,CID-511,USD
CA-1437,PA-3,Snow,CID-512,USD
CA-1438,PA-3,Snow,CID-513,USD
CA-1439,PA-1,Fabric,CID-026,USD
CA-1440,PA-1,Fabric,CID-054,USD
CA-1441,PA-1,Fabric,CID-060,USD
CA-1442,PA-1,Fabric,CID-082,USD
CA-1443,PA-1,Fabric,CID-092,USD
CA-1444,PA-1,Fabric,CID-096,USD
CA-1445,PA-1,Fabric,CID-108,USD
CA-1446,PA-1,Fabric,CID-111,USD
CA-1447,PA-1,Fabric,CID-139,USD
CA-1448,PA-1,Fabric,CID-167,USD
CA-1449,PA-1,Fabric,CID-168,USD
CA-1450,PA-1,Fabric,CID-179,USD
CA-1451,PA-1,Fabric,CID-213,USD
CA-1452,PA-1,Fabric,CID-217,USD
CA-1453,PA-1,Fabric,CID-220,USD
CA-1454,PA-1,Fabric,CID-237,USD
CA-1455,PA-1,Fabric,CID-250,USD
CA-1456,PA-1,Fabric,CID-256,USD
CA-1457,PA-1,Fabric,CID-257,USD
CA-1458,PA-1,Fabric,CID-265,USD
CA-1459,PA-1,Fabric,CID-266,USD
CA-1460,PA-1,Fabric,CID-270,USD
CA-1461,PA-1,Fabric,CID-271,USD
CA-1462,PA-1,Fabric,CID-275,USD
CA-1463,PA-1,Fabric,CID-284,USD
CA-1464,PA-1,Fabric,CID-312,USD
CA-1465,PA-1,Fabric,CID-333,USD
CA-1466,PA-1,Fabric,CID-339,USD
CA-1467,PA-1,Fabric,CID-366,USD
CA-1468,PA-1,Fabric,CID-371,USD
CA-1469,PA-1,Fabric,CID-397,USD
CA-1470,PA-1,Fabric,CID-402,USD
CA-1471,PA-1,Fabric,CID-454,USD
CA-1472,PA-1,Fabric,CID-468,USD
CA-1473,PA-1,Fabric,CID-474,USD
CA-1474,PA-1,Fabric,CID-477,USD
CA-1475,PA-1,Fabric,CID-486,USD
CA-1476,PA-1,Fabric,CID-497,USD
CA-1477,PA-2,ADB,CID-007,USD
CA-1478,PA-2,ADB,CID-018,USD
CA-1479,PA-2,ADB,CID-019,USD
CA-1480,PA-2,ADB,CID-022,USD
CA-1481,PA-2,ADB,CID-025,USD
CA-1482,PA-2,ADB,CID-028,USD
CA-1483,PA-2,ADB,CID-030,USD
CA-1484,PA-2,ADB,CID-031,USD
CA-1485,PA-2,ADB,CID-045,USD
CA-1486,PA-2,ADB,CID-051,USD
CA-1487,PA-2,ADB,CID-064,USD
CA-1488,PA-2,ADB,CID-070,USD
CA-1489,PA-2,ADB,CID-072,USD
CA-1490,PA-2,ADB,CID-081,USD
CA-1491,PA-2,ADB,CID-109,USD
CA-1492,PA-2,ADB,CID-121,USD
CA-1493,PA-2,ADB,CID-127,USD
CA-1494,PA-2,ADB,CID-145,USD
CA-1495,PA-2,ADB,CID-148,USD
CA-1496,PA-2,ADB,CID-155,USD
CA-1497,PA-2,ADB,CID-158,USD
CA-1498,PA-2,ADB,CID-164,USD
CA-1499,PA-2,ADB,CID-165,USD
CA-1500,PA-2,ADB,CID-169,USD
CA-1501,PA-2,ADB,CID-175,USD
CA-1502,PA-2,ADB,CID-184,USD
CA-1503,PA-2,ADB,CID-190,USD
CA-1504,PA-2,ADB,CID-191,USD
CA-1505,PA-2,ADB,CID-197,USD
CA-1506,PA-2,ADB,CID-203,USD
CA-1507,PA-2,ADB,CID-218,USD
CA-1508,PA-2,ADB,CID-222,USD
CA-1509,PA-2,ADB,CID-224,USD
CA-1510,PA-2,ADB,CID-226,USD
CA-1511,PA-2,ADB,CID-252,USD
CA-1512,PA-2,ADB,CID-262,USD
CA-1513,PA-2,ADB,CID-267,USD
CA-1514,PA-2,ADB,CID-277,USD
CA-1515,PA-2,ADB,CID-288,USD
CA-1516,PA-2,ADB,CID-289,USD
CA-1517,PA-2,ADB,CID-290,USD
CA-1518,PA-2,ADB,CID-291,USD
CA-1519,PA-2,ADB,CID-303,USD
CA-1520,PA-2,ADB,CID-320,USD
CA-1521,PA-2,ADB,CID-321,USD
CA-1522,PA-2,ADB,CID-346,USD
CA-1523,PA-2,ADB,CID-360,USD
CA-1524,PA-2,ADB,CID-363,USD
CA-1525,PA-2,ADB,CID-364,USD
CA-1526,PA-2,ADB,CID-365,USD
CA-1527,PA-2,ADB,CID-370,USD
CA-1528,PA-2,ADB,CID-395,USD
CA-1529,PA-2,ADB,CID-432,USD
CA-1530,PA-2,ADB,CID-436,USD
CA-1531,PA-2,ADB,CID-441,USD
CA-1532,PA-2,ADB,CID-459,USD
CA-1533,PA-2,ADB,CID-466,USD
CA-1534,PA-2,ADB,CID-476,USD
CA-1535,PA-2,ADB,CID-480,USD
CA-1536,PA-2,ADB,CID-481,USD
CA-1537,PA-2,ADB,CID-488,USD
CA-1538,PA-2,ADB,CID-493,USD
CA-1539,PA-2,ADB,CID-500,USD
